employee_id,manager_id,first_name,last_name,email,age,gender,nationality ,years_of_experience,salary
1,,Durant,Phripp,dphripp0@cbc.ca,60,Male,Italy,,12184
2,80,Chastity,MacHostie,cmachostie1@nytimes.com,63,Female,Germany,13,21968
3,3,Rayna,Stemson,rstemson2@opensource.org,27,,Japan,12,28725
4,94,Forest,Dillway,fdillway3@myspace.com,45,Male,Japan,,29375
5,25,Kristel,Mooreed,kmooreed4@thetimes.co.uk,24,Female,France,10,21709
6,,Jenelle,Baford,jbaford5@bravesites.com,26,Female,United States,10,28480
7,25,Karla,Searston,ksearston6@wiley.com,30,,Spain,12,31199
8,14,Mignon,Moreby,mmoreby7@seesaa.net,49,Genderqueer,Israel,1,32234
9,94,Josee,Bouldstridge,jbouldstridge8@123-reg.co.uk,61,,Brazil,8,21160
10,84,Hurley,Grece,hgrece9@liveinternet.ru,,Male,United States,14,20827
11,67,Chrystel,Grzeszczak,cgrzeszczaka@ca.gov,58,Female,Germany,14,23735
12,21,Brion,Gritten,bgrittenb@reference.com,56,Male,Germany,10,19955
13,,Charisse,Raggles,cragglesc@huffingtonpost.com,55,Bigender,Spain,,32765
14,28,Lonnie,Fullick,lfullickd@wisc.edu,61,Male,Germany,1,34639
15,7,Frederich,Allbon,fallbone@stanford.edu,49,Male,Russia,2,25349
16,,Erie,Titterell,etitterellf@flavors.me,37,Male,United States,15,10574
17,22,Nalani,Dallyn,ndallyng@gmpg.org,51,Female,Germany,15,26209
18,33,Hyacinthia,Bocock,hbocockh@hugedomains.com,42,Female,France,14,34238
19,43,Hamid,Rundall,hrundalli@berkeley.edu,46,Male,Germany,2,26257
20,76,Lyell,Kehri,lkehrij@devhub.com,49,Male,Israel,7,27901
21,72,Ollie,Howerd,ohowerdk@wikimedia.org,46,Male,Spain,11,29269
22,86,Clywd,Girvin,cgirvinl@springer.com,46,Male,United Kingdom,15,22832
23,80,Gerhard,Nelm,gnelmm@gov.uk,36,Male,United States,15,
24,62,Matilde,Cratere,mcrateren@arizona.edu,32,Female,Germany,9,30505
25,21,Karlik,Schapero,kschaperoo@multiply.com,62,Male,France,9,31050
26,6,Orlando,Eyers,oeyersp@uiuc.edu,35,Male,Mexico,4,9683
27,64,Joey,Camidge,jcamidgeq@cam.ac.uk,30,Polygender,Israel,13,13220
28,96,Pip,Breitling,pbreitlingr@altervista.org,60,Male,Mexico,3,11429
29,38,Hermie,Maher,hmahers@mit.edu,30,Male,Russia,9,28074
30,64,Zeb,Gres,zgrest@weebly.com,62,Male,Canada,6,32008
31,92,Vail,Abbey,vabbeyu@imdb.com,30,Male,Brazil,4,34340
32,48,Sebastiano,Mosco,smoscov@addthis.com,33,Non-binary,Australia,3,14377
33,11,Sloane,Cockle,scocklew@bigcartel.com,43,Agender,United States,,31652
34,91,Ailina,Butner,abutnerx@ebay.com,41,Female,Israel,8,20287
35,20,Zacherie,Jorissen,zjorisseny@vistaprint.com,48,Male,United States,1,24122
36,81,Charin,Kitchingham,ckitchinghamz@jalbum.net,51,Female,Israel,1,13123
37,17,Siouxie,Connell,sconnell10@blogger.com,62,Female,Australia,3,12389
38,17,Ronny,Manthorpe,rmanthorpe11@list-manage.com,,Male,Germany,4,9178
39,83,Tanhya,Adriaan,tadriaan12@live.com,27,Female,Israel,5,33668
40,77,Byrle,Klosa,bklosa13@hexun.com,53,Male,Germany,14,27269
41,100,Justinn,Tiller,jtiller14@uiuc.edu,39,Female,United States,14,31532
42,57,Merrielle,Dulake,mdulake15@microsoft.com,58,,United States,,15016
43,92,Darla,Comport,dcomport16@nationalgeographic.com,24,Female,Japan,10,9808
44,6,Marlow,Farfull,mfarfull17@studiopress.com,,Male,United States,7,10059
45,35,Killie,Petrushka,kpetrushka18@noaa.gov,26,Male,United States,15,23240
46,5,Hartwell,Finnick,hfinnick19@a8.net,38,Male,United States,14,10864
47,4,Dav,Glendza,dglendza1a@salon.com,46,Male,Germany,3,28895
48,62,Augie,Eadmead,aeadmead1b@unc.edu,48,Male,Brazil,4,14316
49,59,Ashil,Lafuente,alafuente1c@rambler.ru,35,Female,United States,12,30017
50,99,Hayden,Jackalin,hjackalin1d@devhub.com,24,Male,Japan,14,21613
51,22,Beitris,Tweedy,btweedy1e@ucsd.edu,56,Female,Germany,11,12896
52,18,Normie,Weedenburg,nweedenburg1f@eventbrite.com,29,Male,India,8,33828
53,60,Fabien,Simmers,fsimmers1g@elegantthemes.com,29,Polygender,Canada,4,12724
54,65,Alf,Drinkwater,adrinkwater1h@hhs.gov,41,Male,United States,3,12087
55,58,Zaneta,Carsberg,zcarsberg1i@nytimes.com,57,Non-binary,Japan,15,20055
56,79,Bennie,Cardoe,bcardoe1j@simplemachines.org,35,Female,United Kingdom,,10365
57,55,Chrotoem,McKleod,cmckleod1k@weibo.com,40,Male,United States,1,27013
58,6,Peyter,Gwynn,pgwynn1l@technorati.com,54,Male,Brazil,12,24985
59,76,Mariquilla,Rockhall,mrockhall1m@desdev.cn,45,Female,Spain,2,33003
60,59,Bren,Yapp,byapp1n@slate.com,46,Male,Japan,6,14468
61,14,Candy,Dobbs,cdobbs1o@sphinn.com,24,Female,Germany,10,26481
62,5,Benedetta,Vennings,bvennings1p@msn.com,23,Female,United States,2,22954
63,,Granville,Karlolczak,gkarlolczak1q@gmpg.org,39,Male,United Kingdom,11,32104
64,69,Marley,Greedy,mgreedy1r@surveymonkey.com,32,Female,Canada,6,9119
65,77,Rora,Pettko,rpettko1s@mapy.cz,59,Female,Germany,12,22594
66,84,Carlie,Hutcheon,chutcheon1t@pcworld.com,28,Male,United States,6,20302
67,85,Phebe,Bazylets,pbazylets1u@goodreads.com,26,Female,United Kingdom,7,14152
68,25,Gwyneth,Sends,gsends1v@ucsd.edu,28,Female,Israel,12,10471
69,,Tailor,Joddens,tjoddens1w@narod.ru,62,Agender,China,6,24330
70,45,Melloney,Northwood,mnorthwood1x@goo.ne.jp,59,Female,Israel,3,26006
71,86,Karlyn,Foch,kfoch1y@nymag.com,47,Female,Germany,13,20232
72,84,Ruby,Berthot,rberthot1z@google.nl,,Male,United Kingdom,2,24646
73,29,Maurizia,Swate,mswate20@sohu.com,39,,Australia,3,
74,72,Sue,Tomala,stomala21@people.com.cn,58,Female,Italy,11,23863
75,85,Shaw,Ridgway,sridgway22@kickstarter.com,54,Male,United Kingdom,1,16937
76,44,Rodi,Marrison,rmarrison23@wordpress.org,53,Female,Japan,8,
77,75,Abeu,Gypson,agypson24@deliciousdays.com,28,Male,Spain,11,9412
78,64,Hanny,Burgot,hburgot25@wp.com,36,Female,Australia,2,20705
79,17,Amargo,Dannatt,adannatt26@un.org,56,Polygender,Australia,,11563
80,68,Mollee,Ransom,mransom27@edublogs.org,46,Female,Israel,5,12700
81,3,Neely,Gapper,ngapper28@mediafire.com,29,Female,United States,3,22851
82,57,Tynan,Lalonde,tlalonde29@paginegialle.it,39,Male,Canada,4,17902
83,53,Beitris,Caraher,bcaraher2a@cyberchimps.com,46,Genderqueer,Germany,1,17665
84,23,Alon,Brazier,abrazier2b@home.pl,27,Male,Germany,7,19322
85,99,Melisse,Defond,mdefond2c@opera.com,24,Female,Germany,15,9408
86,68,Dane,Shyres,dshyres2d@mashable.com,53,,Israel,5,23817
87,62,Arvin,Kuhnt,akuhnt2e@unesco.org,22,Male,Germany,12,34719
88,80,Corbet,Roach,croach2f@lycos.com,43,Male,Germany,6,21676
89,32,Vonnie,Hardwicke,vhardwicke2g@statcounter.com,50,Female,United Kingdom,7,30278
90,7,Helenelizabeth,Cummings,hcummings2h@joomla.org,41,Female,Mexico,3,19752
91,25,Eadmund,Lammerts,elammerts2i@rakuten.co.jp,48,Male,Canada,4,10754
92,54,Sibyl,Breakspear,sbreakspear2j@reuters.com,62,Male,China,3,
93,71,Marge,Gatty,mgatty2k@who.int,62,,Japan,13,24651
94,63,Malissa,Matusov,mmatusov2l@t.co,44,Female,Germany,3,25712
95,20,Des,Tschirschky,dtschirschky2m@java.com,44,Male,India,2,14340
96,1,Jarib,Kezar,jkezar2n@ask.com,53,Male,Israel,6,27121
97,10,Maren,Woodyer,mwoodyer2o@bing.com,31,Female,India,10,26166
98,68,Bret,Proback,bproback2p@jiathis.com,59,Male,Russia,5,25432
99,29,Zarah,Shave,zshave2q@themeforest.net,30,Female,United Kingdom,15,20205
100,60,Shandeigh,Sabater,ssabater2r@mediafire.com,,Female,United States,11,33465
101,53,Teresina,Gallie,tgallie2s@usda.gov,34,Female,Germany,6,17662
102,2,Ralf,Astbury,rastbury2t@eventbrite.com,22,Male,Germany,3,18795
103,42,Grata,Staries,gstaries2u@ehow.com,30,Female,Germany,13,34061
104,13,Alwin,Midden,amidden2v@hubpages.com,44,Genderqueer,Spain,13,23216
105,62,Elladine,Garnett,egarnett2w@odnoklassniki.ru,53,Female,United States,9,28698
106,49,Gordon,Bembrigg,gbembrigg2x@epa.gov,53,Male,Israel,15,31294
107,17,Leontyne,Ranstead,lranstead2y@howstuffworks.com,45,Female,France,3,26494
108,86,Winfred,Firebrace,wfirebrace2z@netscape.com,62,Male,Germany,4,13015
109,22,Gussie,Blagdon,gblagdon30@list-manage.com,35,Female,Israel,12,22242
110,38,Ann,Cecchetelli,acecchetelli31@google.co.uk,42,Female,Israel,12,21439
111,62,Ana,Franzolini,afranzolini32@psu.edu,22,Female,France,5,27360
112,19,Pete,Mowat,pmowat33@arizona.edu,43,Male,Australia,,30950
113,1,Paola,Parkey,pparkey34@columbia.edu,50,Female,Germany,1,
114,38,Jeffy,Gilleson,jgilleson35@timesonline.co.uk,48,Male,France,13,20870
115,59,Monroe,Tyhurst,mtyhurst36@latimes.com,36,Male,Germany,7,27377
116,,Andrej,Minet,aminet37@mashable.com,32,Male,Brazil,14,27961
117,5,Gibb,Fucher,gfucher38@timesonline.co.uk,48,Male,Russia,9,28759
118,92,Herta,Rignold,hrignold39@eventbrite.com,,,Japan,11,21224
119,5,Bronny,Postle,bpostle3a@auda.org.au,49,Male,Russia,12,30409
120,63,Maximilien,Tander,mtander3b@dmoz.org,51,Male,United States,4,30795
121,20,Kristal,Kays,kkays3c@shinystat.com,63,Female,United States,3,25593
122,57,Abran,Grimsey,agrimsey3d@nytimes.com,29,Male,United States,13,23856
123,46,Nell,Kitter,nkitter3e@spiegel.de,61,Female,United States,1,34586
124,63,Alf,Guise,aguise3f@ehow.com,22,Male,United Kingdom,1,32385
125,71,Barbara,Rickman,brickman3g@rambler.ru,26,Female,Canada,11,29853
126,91,Jessalin,Orange,jorange3h@about.me,59,Polygender,United States,1,23788
127,9,Sven,De Mattia,sdemattia3i@freewebs.com,54,Male,Germany,14,28903
128,33,Nicole,Ilyuchyov,nilyuchyov3j@rambler.ru,33,Female,United Kingdom,9,15286
129,39,Erin,Hegden,ehegden3k@state.gov,41,,Israel,15,11378
130,3,Giulia,Vaggs,gvaggs3l@hatena.ne.jp,41,,Russia,13,16670
131,48,Ingaborg,Hamblen,ihamblen3m@berkeley.edu,46,Female,United States,5,17755
132,63,Tani,Miettinen,tmiettinen3n@nature.com,,Agender,United Kingdom,11,34517
133,98,Elnora,Fitchet,efitchet3o@usgs.gov,52,Female,Australia,15,24405
134,32,Emmott,Harwood,eharwood3p@yahoo.com,58,Male,France,10,27991
135,30,Fernande,Pennick,fpennick3q@upenn.edu,52,Female,United Kingdom,,17309
136,,Carol-jean,Cruddas,ccruddas3r@cdc.gov,32,,United States,10,21606
137,77,Diarmid,Feaver,dfeaver3s@meetup.com,32,Male,Mexico,14,27174
138,33,Urbain,Dicke,udicke3t@disqus.com,57,Male,Brazil,4,15448
139,32,Daloris,Risby,drisby3u@posterous.com,36,Female,United States,4,19872
140,51,Caralie,Riseam,criseam3v@guardian.co.uk,53,Genderfluid,Israel,4,11469
141,69,Rossie,Inglese,ringlese3w@cocolog-nifty.com,47,Genderfluid,China,3,18919
142,62,Deeyn,Dupre,ddupre3x@timesonline.co.uk,24,Female,United States,6,15413
143,20,Grantham,Burberry,gburberry3y@msn.com,38,Male,Israel,7,14143
144,81,Sela,Crockford,scrockford3z@elegantthemes.com,37,Female,United States,8,22490
145,26,Sharai,Cristofalo,scristofalo40@examiner.com,25,Female,Germany,3,32531
146,35,Arty,Rennocks,arennocks41@reverbnation.com,45,Male,Canada,13,32919
147,19,Swen,Greeson,sgreeson42@msn.com,59,Male,France,8,24318
148,35,Alberta,Banthorpe,abanthorpe43@e-recht24.de,22,Female,France,12,17873
149,50,Alvinia,Goering,agoering44@salon.com,45,Female,United States,3,15130
150,69,Zacherie,Rosellini,zrosellini45@umich.edu,57,Male,Germany,9,25005
151,,Jack,Trunby,jtrunby46@geocities.com,35,Male,United Kingdom,14,29409
152,33,Wadsworth,Girardi,wgirardi47@simplemachines.org,22,Male,Canada,3,14981
153,52,Maiga,Muckleston,mmuckleston48@alibaba.com,38,Female,Brazil,6,24647
154,56,Robbie,Southgate,rsouthgate49@washingtonpost.com,61,Male,Brazil,1,26444
155,80,Doll,Annwyl,dannwyl4a@google.it,54,Female,United States,13,14040
156,8,Evin,Howler,ehowler4b@usatoday.com,,Male,Russia,13,24688
157,,Essa,Daouze,edaouze4c@usnews.com,48,Agender,Russia,7,20693
158,12,Babara,McLaggan,bmclaggan4d@cdbaby.com,36,Female,Germany,9,17887
159,7,Ruby,Cleveland,rcleveland4e@hexun.com,,Female,China,3,24415
160,78,Christian,Jeaneau,cjeaneau4f@businessweek.com,29,Male,Germany,1,23992
161,28,Fonzie,Riccelli,friccelli4g@un.org,54,Male,United States,2,32691
162,92,Janaya,Aymerich,jaymerich4h@google.com.br,44,Female,United States,,12950
163,18,Giacopo,Housbie,ghousbie4i@storify.com,55,Male,Brazil,10,12908
164,96,Raine,Winborn,rwinborn4j@mysql.com,58,Female,Germany,6,12301
165,99,Ira,Maccaddie,imaccaddie4k@pinterest.com,52,Male,Spain,8,32003
166,74,Morgen,Carah,mcarah4l@slate.com,26,Female,Japan,14,11635
167,81,Kaia,Brede,kbrede4m@nih.gov,61,Female,Japan,,20309
168,98,Sisely,Helsdon,shelsdon4n@omniture.com,61,Female,China,3,31811
169,40,Jobye,Pocknell,jpocknell4o@e-recht24.de,39,Non-binary,China,3,23344
170,75,Jordanna,Janjic,jjanjic4p@amazon.co.jp,34,Female,Italy,12,11373
171,5,Alejandro,Broschke,abroschke4q@ebay.com,46,Male,China,3,34550
172,23,Paddie,Backs,pbacks4r@epa.gov,32,Male,Russia,8,23589
173,14,Evey,Mingasson,emingasson4s@pagesperso-orange.fr,,Female,Germany,2,20018
174,48,Ruddie,Kearton,rkearton4t@drupal.org,,,China,15,20757
175,42,Andreas,Tasker,atasker4u@sitemeter.com,41,Male,Italy,9,31386
176,51,Elroy,Mewha,emewha4v@census.gov,52,Male,United States,,21907
177,18,Lanette,Stangoe,lstangoe4w@blog.com,50,Female,Israel,13,33181
178,77,Stafani,Mc Dermid,smcdermid4x@amazonaws.com,50,Female,Canada,,34875
179,46,Andy,Jellico,ajellico4y@cbsnews.com,63,Genderqueer,Russia,4,14562
180,2,Teresa,Doxsey,tdoxsey4z@trellian.com,41,Female,United States,6,17111
181,83,Robin,Littlemore,rlittlemore50@prweb.com,41,Female,United States,14,16118
182,17,Priscilla,Silbersak,psilbersak51@google.com,55,Female,China,12,21631
183,22,Kerry,Bruin,kbruin52@blogtalkradio.com,49,Female,Germany,11,14145
184,79,Sam,Colbeck,scolbeck53@youtu.be,55,Male,United States,,23679
185,89,Burke,Siverns,bsiverns54@ameblo.jp,56,Male,United Kingdom,5,11003
186,16,Morgana,De Leek,mdeleek55@ow.ly,26,Female,Canada,6,19621
187,38,Rodolphe,Wallege,rwallege56@cocolog-nifty.com,30,Male,Russia,1,29016
188,31,Oliy,Beed,obeed57@naver.com,,Female,Japan,3,26080
189,8,Waylan,Dallison,wdallison58@github.com,39,Male,Germany,15,17103
190,11,Frankie,Cathesyed,fcathesyed59@ameblo.jp,43,Male,United States,12,31792
191,45,Darnall,Anthona,danthona5a@squidoo.com,44,Male,Japan,15,26929
192,6,Beck,Maxwell,bmaxwell5b@google.com.hk,22,Male,Israel,8,21972
193,96,Darn,Levet,dlevet5c@toplist.cz,43,Male,China,6,14172
194,18,Land,Hawyes,lhawyes5d@washington.edu,,Male,India,3,34653
195,42,Kellie,Odney,kodney5e@unc.edu,51,Female,Germany,5,33483
196,5,Carrissa,Ringer,cringer5f@yellowbook.com,57,Female,France,10,17406
197,41,Xylina,Commuzzo,xcommuzzo5g@1und1.de,34,Female,United Kingdom,13,20065
198,32,Orazio,Saywell,osaywell5h@delicious.com,45,Male,Israel,15,9748
199,19,Curcio,Mealand,cmealand5i@ibm.com,,Male,Italy,2,11028
200,41,Lonny,Haszard,lhaszard5j@1688.com,46,Agender,Germany,1,
201,10,Charin,Crunkhurn,ccrunkhurn5k@freewebs.com,52,Female,India,15,16640
202,9,Reina,Lodevick,rlodevick5l@e-recht24.de,40,Agender,United States,2,30290
203,21,Cordell,Crippin,ccrippin5m@hud.gov,,Male,Germany,3,10101
204,77,Lura,Gladdis,lgladdis5n@youku.com,28,Female,Israel,,19614
205,81,Angel,Putton,aputton5o@craigslist.org,33,Male,Italy,11,34924
206,91,Gaye,Hamshere,ghamshere5p@yahoo.co.jp,38,Genderfluid,United States,4,19813
207,59,Sissie,Blachford,sblachford5q@tinyurl.com,59,Female,Israel,3,28675
208,69,Cori,Bousfield,cbousfield5r@instagram.com,46,Male,Germany,,32459
209,61,Myrah,Cutting,mcutting5s@hexun.com,46,Female,United States,6,31245
210,22,Tommie,Yerrill,tyerrill5t@fotki.com,39,Male,United States,4,9596
211,74,Nicko,Gilman,ngilman5u@narod.ru,43,Male,Germany,13,17031
212,61,Peggi,Stockbridge,pstockbridge5v@mail.ru,52,Female,Australia,8,34577
213,87,Rebeka,Carrol,rcarrol5w@reuters.com,44,Female,Australia,5,21443
214,18,Maurita,Ludovici,mludovici5x@skype.com,40,Female,France,,
215,57,Cloe,Dodd,cdodd5y@harvard.edu,23,Bigender,United States,3,23501
216,73,Jaquelin,Minihane,jminihane5z@auda.org.au,46,Female,Israel,13,33720
217,13,Myca,Palumbo,mpalumbo60@google.nl,51,Male,Australia,10,19405
218,68,Calhoun,Derwin,cderwin61@parallels.com,52,Male,United States,12,32959
219,84,Brinn,Durning,bdurning62@craigslist.org,,Genderfluid,France,1,26593
220,46,Anestassia,Fronsek,afronsek63@macromedia.com,,Genderfluid,Russia,7,30990
221,,Arnuad,Mussalli,amussalli64@npr.org,,Male,Mexico,10,21614
222,86,Blanch,Grisewood,bgrisewood65@wunderground.com,27,Female,Italy,12,14445
223,17,Bamby,O'Cannavan,bocannavan66@narod.ru,50,Female,United States,3,14216
224,45,Sonny,Freestone,sfreestone67@de.vu,39,Male,Mexico,7,15389
225,,Amii,Uphill,auphill68@chron.com,31,,United States,10,27037
226,12,Budd,Swithenby,bswithenby69@economist.com,50,Male,Israel,12,15739
227,31,Mitchel,Sibbet,msibbet6a@wired.com,52,Non-binary,United Kingdom,13,12028
228,,Peggie,McArthur,pmcarthur6b@yandex.ru,42,Female,United Kingdom,12,33739
229,93,Rosanna,Grundle,rgrundle6c@addtoany.com,55,Female,Japan,6,34427
230,77,Claudelle,Grigolon,cgrigolon6d@typepad.com,25,Female,United States,13,11699
231,92,Vanni,Morgans,vmorgans6e@toplist.cz,45,Female,Germany,3,21737
232,,Harley,Precious,hprecious6f@prnewswire.com,44,Male,China,5,17536
233,8,Liuka,Fellgatt,lfellgatt6g@prnewswire.com,41,Female,Mexico,9,10860
234,4,Issie,Jacobson,ijacobson6h@nhs.uk,25,,Israel,6,13785
235,43,Royall,Carthy,rcarthy6i@ibm.com,52,Genderfluid,Russia,11,15825
236,48,Arnaldo,Marwick,amarwick6j@wordpress.org,28,,United States,3,31748
237,85,Patrizio,Lanyon,planyon6k@nytimes.com,43,Male,Mexico,1,27990
238,,Emiline,Kyd,ekyd6l@mit.edu,58,Female,Germany,2,18120
239,51,Hayes,Hawyes,hhawyes6m@ifeng.com,,Male,United States,4,17862
240,80,Peg,Eccles,peccles6n@lycos.com,26,Female,Germany,10,25191
241,79,Heidie,Marusic,hmarusic6o@domainmarket.com,33,Female,China,2,14725
242,71,Bernadette,Goodlett,bgoodlett6p@cnet.com,58,Female,United Kingdom,12,
243,67,Haily,Clemence,hclemence6q@pbs.org,48,Female,Canada,10,31435
244,40,Huntington,Gwalter,hgwalter6r@phpbb.com,22,Genderfluid,Brazil,3,27121
245,94,Hope,Vasiljevic,hvasiljevic6s@clickbank.net,45,Female,Israel,4,18952
246,63,Ly,Harewood,lharewood6t@nydailynews.com,30,Male,Spain,7,18562
247,70,Dan,Favela,dfavela6u@studiopress.com,46,Bigender,Mexico,7,34600
248,,Babbie,Gregorin,bgregorin6v@com.com,51,Female,United States,8,20978
249,70,Waylan,Teall,wteall6w@webnode.com,,Male,Italy,11,22620
250,77,Fidelia,Drews,fdrews6x@wunderground.com,62,Female,Spain,4,29443
251,100,Ottilie,Pople,opople6y@domainmarket.com,46,Female,Brazil,14,18551
252,7,Franklin,Franchi,ffranchi6z@mozilla.com,26,Male,India,13,14558
253,88,Genia,Shapter,gshapter70@ask.com,52,Female,India,11,20094
254,69,Filbert,Sayles,fsayles71@google.nl,60,Male,Israel,14,27637
255,79,Meris,Blatchford,mblatchford72@jugem.jp,56,Female,India,10,15345
256,45,Tabatha,Iorizzi,tiorizzi73@baidu.com,53,Bigender,Brazil,7,27420
257,74,Sigismund,Kruschov,skruschov74@exblog.jp,62,Male,Germany,9,12290
258,95,Carleton,Repp,crepp75@dailymotion.com,42,Male,United States,3,11508
259,95,Merrick,Minall,mminall76@businessinsider.com,26,Male,Italy,9,18627
260,20,Marilee,Greenstreet,mgreenstreet77@blogger.com,61,Female,United States,11,22132
261,63,Tailor,Magenny,tmagenny78@ebay.co.uk,37,Male,Mexico,6,30055
262,49,Ronica,Idwal Evans,ridwalevans79@jigsy.com,26,Female,China,5,23088
263,94,Elonore,McCulley,emcculley7a@hud.gov,59,Female,Israel,2,32409
264,94,Maynard,Blunsom,mblunsom7b@about.com,,Genderfluid,Germany,9,27340
265,6,Perren,Bockett,pbockett7c@surveymonkey.com,61,Male,Israel,10,27700
266,87,Jeremiah,Jandac,jjandac7d@github.io,62,,France,5,27463
267,81,Humfrey,Northey,hnorthey7e@indiegogo.com,52,Male,India,7,16806
268,21,Web,Limming,wlimming7f@angelfire.com,32,Male,Israel,3,24918
269,33,Humberto,Peealess,hpeealess7g@redcross.org,57,Male,United States,6,13670
270,38,Christel,Allcroft,callcroft7h@cbsnews.com,25,Female,United States,15,27700
271,2,Desmund,Scase,dscase7i@weather.com,50,Male,United States,11,13244
272,18,Davin,Feore,dfeore7j@over-blog.com,55,Male,United States,7,17437
273,49,Dane,Waddilow,dwaddilow7k@feedburner.com,32,Bigender,Israel,12,13331
274,77,Dulcinea,Falcus,dfalcus7l@imdb.com,59,Female,China,14,30030
275,,Yetta,Stothard,ystothard7m@samsung.com,58,Female,Canada,12,33227
276,34,Peirce,McTurlough,pmcturlough7n@japanpost.jp,62,Male,Australia,13,24087
277,42,Jewel,Benedyktowicz,jbenedyktowicz7o@twitter.com,39,Female,Israel,6,15574
278,66,Seka,Branno,sbranno7p@noaa.gov,55,Female,Mexico,4,22045
279,43,Elka,Alejandro,ealejandro7q@delicious.com,33,,Japan,12,20716
280,76,Stanly,Latore,slatore7r@tumblr.com,41,Male,India,3,26941
281,76,Kelwin,Beadell,kbeadell7s@weibo.com,42,Male,Australia,13,28265
282,,Jacquenetta,Petofi,jpetofi7t@tripadvisor.com,,Female,United Kingdom,2,21581
283,21,Suzie,Wardesworth,swardesworth7u@psu.edu,32,Female,China,9,19647
284,41,Pet,Pearton,ppearton7v@eventbrite.com,50,Female,France,13,16927
285,82,Ashlan,Abatelli,aabatelli7w@wunderground.com,56,Female,Germany,13,24268
286,45,Martynne,Kordt,mkordt7x@vk.com,,Female,United States,2,14071
287,30,Lamont,Royste,lroyste7y@pinterest.com,31,Bigender,Spain,14,26275
288,52,Courtnay,Basden,cbasden7z@domainmarket.com,50,,United States,10,23182
289,93,Lina,Thomsen,lthomsen80@phoca.cz,49,Female,Israel,6,23226
290,86,Obidiah,Kreber,okreber81@cbsnews.com,41,Male,Japan,3,11536
291,12,Inglebert,MacArd,imacard82@xinhuanet.com,,Male,United States,15,26880
292,63,Davy,Hablot,dhablot83@blogspot.com,62,Male,Australia,13,24747
293,57,Dill,Yarrall,dyarrall84@g.co,44,Male,Japan,6,11411
294,79,Glenda,Brandoni,gbrandoni85@mapquest.com,40,Female,United States,15,10277
295,62,Jerry,Digwood,jdigwood86@wp.com,50,Female,United States,10,16401
296,53,Carrissa,Naris,cnaris87@cnn.com,33,Female,Brazil,8,29284
297,87,Rickie,Bengtsen,rbengtsen88@independent.co.uk,58,Female,United States,11,19031
298,8,Yolanthe,Mccaull,ymccaull89@state.gov,38,Female,Germany,9,29568
299,64,Diarmid,Erswell,derswell8a@ed.gov,59,Male,China,12,27955
300,66,Earle,Filtness,efiltness8b@netvibes.com,38,,United States,11,18112
301,23,Allie,Gubbin,agubbin8c@ameblo.jp,51,Female,Israel,15,29729
302,80,Moses,Harrhy,mharrhy8d@whitehouse.gov,29,Male,Israel,7,29972
303,66,Brook,Coast,bcoast8e@plala.or.jp,,Male,Germany,3,29699
304,43,Pooh,Hoodspeth,phoodspeth8f@posterous.com,57,,Australia,14,21355
305,81,Yelena,Dee,ydee8g@blogtalkradio.com,43,,Germany,1,
306,84,Bibby,O'Carney,bocarney8h@t.co,29,Female,Japan,13,19251
307,58,Celinda,Bosnell,cbosnell8i@goo.ne.jp,59,Female,Japan,13,25838
308,82,Marius,MacDowall,mmacdowall8j@harvard.edu,35,Agender,United States,1,15673
309,96,Alleyn,Grogan,agrogan8k@slideshare.net,38,Male,United States,12,21825
310,39,Michele,Debney,mdebney8l@cpanel.net,52,Polygender,Israel,11,24418
311,3,Whitman,Bleackley,wbleackley8m@cnet.com,53,Male,China,8,30651
312,70,Donica,Pavlasek,dpavlasek8n@seattletimes.com,42,Female,Germany,1,20366
313,29,Dorena,Leyband,dleyband8o@irs.gov,37,Female,United States,12,9002
314,59,Corrinne,Everingham,ceveringham8p@canalblog.com,,,Brazil,13,28806
315,71,Hayyim,Frenchum,hfrenchum8q@qq.com,27,Male,United States,3,32654
316,13,Doris,Birk,dbirk8r@wunderground.com,49,Female,Japan,5,24006
317,18,Ingaberg,Elsby,ielsby8s@blinklist.com,40,Female,United States,5,15945
318,,Borden,Maase,bmaase8t@nba.com,48,Male,Germany,13,23199
319,44,Celesta,Wrightson,cwrightson8u@hibu.com,36,Female,Israel,9,11374
320,,Cinda,Rouby,crouby8v@discuz.net,63,Female,Mexico,6,
321,58,Kathy,Jerzyk,kjerzyk8w@engadget.com,50,Female,Japan,9,30803
322,60,Colline,Atteridge,catteridge8x@baidu.com,63,Female,United States,9,16246
323,14,Harman,Hysom,hhysom8y@google.nl,43,Male,Germany,12,31308
324,59,Zorah,Zuker,zzuker8z@state.gov,36,Female,Germany,6,16029
325,48,Dickie,Paslow,dpaslow90@cpanel.net,50,Male,Italy,3,23533
326,53,Wendye,Brogden,wbrogden91@twitter.com,62,Female,Israel,15,20607
327,20,Fabien,Sennett,fsennett92@businesswire.com,54,Male,Germany,8,28305
328,3,Rolland,Benedict,rbenedict93@boston.com,33,Male,Spain,7,17599
329,66,Elianore,Lidell,elidell94@ask.com,43,Female,United States,4,30720
330,88,Sidonia,Brame,sbrame95@youku.com,57,,United States,5,31712
331,81,Wenona,Oloman,woloman96@google.co.uk,30,Female,Spain,1,17401
332,30,Melly,Catley,mcatley97@vinaora.com,27,Female,Italy,13,12707
333,94,Robbi,Swannick,rswannick98@skyrock.com,27,Female,Israel,4,15175
334,35,Aline,Sprouls,asprouls99@google.co.uk,28,Genderfluid,United States,8,32209
335,22,Fran,Assiter,fassiter9a@cbc.ca,23,,Germany,1,32300
336,66,Oates,Bidgood,obidgood9b@xrea.com,56,Male,United States,1,23417
337,5,Kliment,Rishworth,krishworth9c@ocn.ne.jp,44,Male,Mexico,9,17187
338,2,Shannon,Crumley,scrumley9d@google.es,34,Male,Germany,5,33208
339,65,Nealon,Consadine,nconsadine9e@ezinearticles.com,32,Male,Australia,8,11805
340,,Elsie,Smallthwaite,esmallthwaite9f@tripod.com,49,,Brazil,3,19687
341,17,Miles,Rolfo,mrolfo9g@cafepress.com,60,,United States,11,21642
342,66,Thor,Keddy,tkeddy9h@alexa.com,29,,France,12,31840
343,55,Teodor,Taillard,ttaillard9i@360.cn,49,Male,Italy,10,27734
344,,Donelle,Ingram,dingram9j@woothemes.com,40,Female,United States,2,9051
345,67,Emili,Curtis,ecurtis9k@prnewswire.com,24,Non-binary,Brazil,2,19138
346,94,Reamonn,Pallasch,rpallasch9l@elpais.com,40,Genderqueer,United Kingdom,5,21784
347,100,Eustace,Spyer,espyer9m@eepurl.com,48,Male,Italy,8,31852
348,70,Nettle,Denington,ndenington9n@cpanel.net,52,Female,Germany,7,28580
349,15,Skippie,Chaytor,schaytor9o@tamu.edu,55,Genderfluid,Japan,8,11494
350,84,Cassi,Whittaker,cwhittaker9p@psu.edu,48,Genderfluid,United States,4,23135
351,23,Olympia,Edgeon,oedgeon9q@springer.com,40,Female,United States,9,12238
352,62,Claybourne,Blencoe,cblencoe9r@com.com,43,Male,United States,14,28417
353,80,Lombard,Dach,ldach9s@php.net,29,Male,Spain,13,16994
354,37,Bentley,Handy,bhandy9t@archive.org,38,,Germany,7,25802
355,47,Aldon,Deverose,adeverose9u@nps.gov,35,Agender,Russia,8,26716
356,39,Gray,Bowshire,gbowshire9v@parallels.com,52,Male,France,14,21979
357,36,Jazmin,Graddell,jgraddell9w@aboutads.info,51,Female,United States,1,9833
358,53,Brita,Ruxton,bruxton9x@bing.com,,Female,United States,6,27130
359,10,Halimeda,Slayny,hslayny9y@theguardian.com,63,Female,Israel,11,9519
360,97,Guinevere,Pohl,gpohl9z@deviantart.com,43,,China,7,31154
361,33,Ripley,Lowdiane,rlowdianea0@ow.ly,32,,Canada,10,12431
362,35,Manfred,Dami,mdamia1@google.com.br,36,Male,India,15,14803
363,66,Pip,Haskell,phaskella2@blog.com,37,Male,Germany,9,28496
364,49,Minnaminnie,Roels,mroelsa3@shareasale.com,51,Female,Australia,14,26501
365,,Akim,Hatliff,ahatliffa4@1688.com,,Bigender,United States,11,19168
366,49,Benedick,Glassford,bglassforda5@multiply.com,34,Male,United States,,
367,98,Ferdinanda,Bolens,fbolensa6@simplemachines.org,42,Female,Brazil,11,28868
368,45,Boothe,Kinze,bkinzea7@chron.com,28,Male,Australia,8,15828
369,,Prince,Penhearow,ppenhearowa8@geocities.jp,57,Male,Canada,10,32718
370,72,Ernesto,Craythorne,ecraythornea9@plala.or.jp,52,Male,Canada,10,30745
371,96,Pacorro,Cuzen,pcuzenaa@youtube.com,58,Male,Australia,1,15991
372,29,Monro,Gavagan,mgavaganab@tinypic.com,32,Male,Spain,2,17248
373,53,Kassandra,Arendsen,karendsenac@hostgator.com,62,Female,France,15,27320
374,,Bobette,Kiernan,bkiernanad@cpanel.net,53,Female,Germany,13,17103
375,58,Frankie,Bruntjen,fbruntjenae@abc.net.au,39,Female,Japan,7,25880
376,25,Wendell,Bengefield,wbengefieldaf@gmpg.org,26,Male,Israel,,19415
377,79,Melvin,Bettington,mbettingtonag@qq.com,24,Male,Germany,14,12934
378,68,Monty,Ackeroyd,mackeroydah@noaa.gov,56,Male,Spain,1,26762
379,28,Aileen,Jessopp,ajessoppai@jalbum.net,58,Female,Canada,14,33262
380,97,Annis,Brabbs,abrabbsaj@cpanel.net,61,Non-binary,United Kingdom,2,28426
381,72,Gene,Deny,gdenyak@google.pl,27,Male,Japan,9,30329
382,63,Leif,Fawckner,lfawckneral@craigslist.org,43,Male,Germany,5,
383,16,Lyman,Tupling,ltuplingam@scientificamerican.com,39,Male,Japan,9,20550
384,79,Norina,Lohrensen,nlohrensenan@unblog.fr,27,Female,United States,,24783
385,24,Alicea,Titchard,atitchardao@pcworld.com,60,Female,United Kingdom,3,
386,91,Celene,Whitlow,cwhitlowap@arizona.edu,31,Female,Israel,14,32989
387,4,Wright,Avrahm,wavrahmaq@ibm.com,57,Male,India,5,29968
388,81,Ashbey,Jamot,ajamotar@artisteer.com,49,Male,Israel,,30629
389,74,Adaline,Twinn,atwinnas@thetimes.co.uk,44,Female,United States,2,16033
390,20,Karyl,Priestner,kpriestnerat@tumblr.com,36,Female,Brazil,,
391,45,Timmy,Melton,tmeltonau@yelp.com,34,Male,Russia,4,29283
392,76,Herschel,Pratley,hpratleyav@xing.com,25,Male,Germany,3,18894
393,73,Chantalle,Norsister,cnorsisteraw@canalblog.com,50,Female,United States,6,11552
394,88,Welbie,Hearn,whearnax@mail.ru,30,Male,Brazil,6,14787
395,35,Ofilia,Rogliero,oroglieroay@slashdot.org,40,Female,Spain,12,17434
396,90,Huey,O'Neil,honeilaz@tripadvisor.com,,Male,Canada,6,16264
397,,Stuart,Nisuis,snisuisb0@businessinsider.com,39,Male,Spain,4,21422
398,39,Dallas,Fortie,dfortieb1@behance.net,,,Russia,12,17885
399,70,Jillene,Roose,jrooseb2@tinypic.com,59,Female,Israel,7,25955
400,,Sonia,Nilles,snillesb3@deviantart.com,56,Genderqueer,Germany,1,16070
401,88,Kate,Bittany,kbittanyb4@imgur.com,44,Female,Israel,15,31289
402,11,Flory,Brimilcombe,fbrimilcombeb5@ibm.com,27,Male,China,14,22167
403,61,Shamus,Apple,sappleb6@dion.ne.jp,46,Male,Germany,14,17689
404,61,Susana,Brooksby,sbrooksbyb7@jugem.jp,35,Female,China,15,32839
405,96,Jada,Kennedy,jkennedyb8@nhs.uk,,Female,Italy,11,17991
406,86,Irving,Brekonridge,ibrekonridgeb9@msn.com,31,Male,Israel,10,33732
407,20,Petra,Realph,prealphba@mozilla.org,31,Female,Germany,11,11709
408,85,Lorne,Ockenden,lockendenbb@fema.gov,59,Bigender,United States,10,22997
409,64,Kore,Behnen,kbehnenbc@ucsd.edu,23,Female,Italy,2,9397
410,5,Prisca,Bedson,pbedsonbd@loc.gov,28,Agender,Israel,6,29530
411,7,Maighdiln,Blaskett,mblaskettbe@arizona.edu,29,Female,United States,6,26947
412,3,Esteban,Grelka,egrelkabf@wix.com,,Male,United States,10,23337
413,52,Meryl,Gertray,mgertraybg@omniture.com,23,Male,Israel,5,12179
414,25,Page,Coombe,pcoombebh@globo.com,54,Male,Israel,11,34068
415,35,Bay,Vaines,bvainesbi@last.fm,22,Male,Japan,2,22079
416,,Waite,Alphege,walphegebj@un.org,48,Male,Mexico,15,
417,12,Kirsteni,Gregorowicz,kgregorowiczbk@elpais.com,47,Female,Israel,11,23972
418,56,Murial,Castilla,mcastillabl@usgs.gov,47,Female,Russia,5,33483
419,91,Shirlene,Lesper,slesperbm@redcross.org,,Female,France,2,23555
420,28,Garfield,Dukesbury,gdukesburybn@ucoz.com,32,Male,United States,6,25503
421,8,Madeleine,Rushbury,mrushburybo@deviantart.com,27,Female,Japan,7,21782
422,78,Andreas,Leggett,aleggettbp@utexas.edu,42,Male,Brazil,5,32684
423,18,Haskell,Baraja,hbarajabq@newsvine.com,59,Male,India,5,25745
424,1,Alisun,Westnedge,awestnedgebr@bluehost.com,43,Female,Spain,8,13275
425,36,Kristyn,Mackison,kmackisonbs@imgur.com,27,Female,United States,9,23716
426,10,Joel,Elgood,jelgoodbt@geocities.com,,Male,Australia,6,
427,98,Rudie,Froment,rfromentbu@globo.com,42,Male,United Kingdom,4,14370
428,1,Val,Wellen,vwellenbv@ucsd.edu,43,Female,United States,,27995
429,88,Ariadne,Cropton,acroptonbw@ocn.ne.jp,51,Bigender,India,5,27250
430,43,Andie,Bursell,abursellbx@vkontakte.ru,27,Male,United Kingdom,2,29743
431,47,Trey,Hardaker,thardakerby@hp.com,56,Male,Italy,11,17012
432,,Ado,Wornum,awornumbz@surveymonkey.com,47,Male,Spain,9,34535
433,24,Laurianne,Davys,ldavysc0@creativecommons.org,,Female,Germany,12,27991
434,63,Beatrice,Haet,bhaetc1@csmonitor.com,50,Female,United Kingdom,7,12194
435,54,Garey,Titterington,gtitteringtonc2@bigcartel.com,47,Male,United States,7,12436
436,58,Noel,Gonning,ngonningc3@ted.com,59,,Israel,12,12737
437,74,Cullan,Kenrick,ckenrickc4@mac.com,43,,Australia,3,10093
438,77,Bari,Treneer,btreneerc5@unesco.org,24,,Canada,7,22565
439,87,Hiram,McGucken,hmcguckenc6@scribd.com,,Male,United States,3,20363
440,18,Ced,Gerish,cgerishc7@1und1.de,56,Male,Israel,4,33518
441,90,Meagan,Goldfinch,mgoldfinchc8@umich.edu,42,Female,Italy,,12223
442,14,Devin,Sandal,dsandalc9@simplemachines.org,43,Female,Israel,5,30430
443,65,Price,Bazelle,pbazelleca@who.int,49,Male,United Kingdom,12,16531
444,15,Garvin,Ratter,grattercb@cdc.gov,51,Male,Brazil,15,30986
445,40,Colette,Longshaw,clongshawcc@printfriendly.com,,Female,United States,4,15574
446,57,Kory,Willgoose,kwillgoosecd@themeforest.net,54,Male,United States,14,22807
447,90,Tamarah,Dring,tdringce@last.fm,,Genderqueer,Germany,8,20793
448,4,Ferdinande,Madge,fmadgecf@slideshare.net,41,Agender,Germany,,19795
449,96,Lindsy,Simms,lsimmscg@google.de,34,Female,United States,10,16424
450,66,Stormi,Threadkell,sthreadkellch@shutterfly.com,33,Female,Australia,5,26679
451,59,Kamillah,Scrimgeour,kscrimgeourci@mtv.com,,Female,Germany,7,9070
452,73,Kelcey,Ollerhead,kollerheadcj@latimes.com,45,Female,Russia,6,32326
453,,Domenic,Bagley,dbagleyck@nationalgeographic.com,53,Male,Brazil,15,18920
454,81,Shelia,Island,sislandcl@weather.com,46,Female,United States,6,29504
455,83,Trstram,Tarburn,ttarburncm@rakuten.co.jp,44,Male,United States,12,31611
456,77,Lorilee,Gooddy,lgooddycn@ibm.com,37,Female,China,2,22495
457,18,Brig,Pittoli,bpittolico@simplemachines.org,22,Male,Spain,9,9897
458,56,Lorette,Potapczuk,lpotapczukcp@google.nl,32,Female,China,11,28512
459,77,Abbe,Vye,avyecq@youtu.be,36,Female,Russia,11,25501
460,54,Adele,Steabler,asteablercr@hexun.com,38,Female,Brazil,7,12604
461,23,Raynell,Janusik,rjanusikcs@zimbio.com,41,Female,Germany,15,24719
462,44,Sascha,Seamen,sseamenct@mediafire.com,45,Female,United Kingdom,4,23180
463,,Hastie,Tutsell,htutsellcu@altervista.org,34,Male,Spain,8,26175
464,90,Delano,Wildor,dwildorcv@va.gov,37,Male,United States,,27533
465,55,Isaak,Renhard,irenhardcw@imgur.com,60,Male,Russia,9,27185
466,72,Marla,Adamsky,madamskycx@cyberchimps.com,43,Female,Germany,15,24707
467,56,Durand,McCaghan,dmccaghancy@vk.com,29,Male,Russia,8,23850
468,75,Anjela,Perl,aperlcz@toplist.cz,34,Female,France,5,15758
469,12,Daphna,Lingley,dlingleyd0@blogtalkradio.com,33,Female,India,10,15264
470,78,Amargo,Willsmore,awillsmored1@oaic.gov.au,39,Female,Germany,1,33015
471,88,Heddi,Thowes,hthowesd2@usda.gov,54,Female,France,2,26037
472,76,Selby,Adger,sadgerd3@jugem.jp,,Male,United States,5,13077
473,22,Karlan,Shafto,kshaftod4@aol.com,54,Polygender,Mexico,10,13699
474,57,Philippine,Bahls,pbahlsd5@sbwire.com,43,Female,Brazil,5,24065
475,66,Bethena,Doerrling,bdoerrlingd6@privacy.gov.au,32,Female,Japan,13,
476,6,Gauthier,Whimper,gwhimperd7@toplist.cz,40,Genderqueer,Canada,10,13133
477,7,Bekki,Pozzi,bpozzid8@upenn.edu,41,Female,Mexico,9,13856
478,43,Leonhard,Feaviour,lfeaviourd9@goo.ne.jp,30,Male,Spain,8,18206
479,31,Paloma,Piddocke,ppiddockeda@ucoz.com,50,Female,China,15,20628
480,56,Daryl,Wyborn,dwyborndb@gnu.org,55,,Japan,13,24086
481,52,Orelie,Lawlee,olawleedc@goo.gl,26,Female,Japan,15,34335
482,24,Orlando,Elbourn,oelbourndd@berkeley.edu,54,Male,Russia,12,18723
483,28,Sherri,Bonass,sbonassde@smh.com.au,36,Female,Germany,3,12474
484,73,Thalia,Hrinchenko,thrinchenkodf@cargocollective.com,31,Female,Italy,12,15294
485,14,Hayes,Romanet,hromanetdg@alexa.com,26,Male,United States,11,13705
486,44,Conway,Oloshin,coloshindh@altervista.org,34,Male,China,9,23543
487,79,Arel,Grube,agrubedi@zdnet.com,,Male,Russia,5,11736
488,32,Stavro,Di Bartolommeo,sdibartolommeodj@livejournal.com,49,Male,Germany,14,22143
489,91,Sissie,Blancowe,sblancowedk@opensource.org,55,,United States,14,16969
490,61,Leela,Erasmus,lerasmusdl@biblegateway.com,,Bigender,Germany,9,22965
491,31,Sharla,Duncanson,sduncansondm@cdbaby.com,42,Female,France,4,30878
492,79,Renee,De Nisco,rdeniscodn@youtube.com,32,Female,United States,1,14201
493,88,Gayelord,Thebeau,gthebeaudo@goo.ne.jp,27,Male,Israel,9,10246
494,19,Vanna,Hedge,vhedgedp@prlog.org,35,Female,United States,15,10675
495,35,Sly,Rennock,srennockdq@theatlantic.com,42,Male,United States,,24334
496,11,Ezri,Ipwell,eipwelldr@github.com,57,Male,Israel,7,18306
497,90,Demetris,Hoggins,dhogginsds@ucoz.ru,41,Female,China,8,15884
498,83,Selena,Pedican,spedicandt@homestead.com,60,Female,Italy,5,13687
499,49,Freddie,Attenborrow,fattenborrowdu@wisc.edu,50,,Australia,9,16985
500,66,Austine,Dundridge,adundridgedv@usda.gov,45,Female,United States,,26258
